Annual Distance (miles/vehicle),2020.0
LDVs,8866.572380397
HDVs,28847.495980532
aircraft,1169233.050328817
rail,15958.450486866
ships,59964.362073809
motorbikes,0.0
