Annual Distance (miles/vehicle),2020.0
LDVs,8638.69378263
HDVs,30165.455562879
aircraft,821524.772544505
rail,16093.999163215
ships,57641.715688709
motorbikes,0.0
