Annual Distance (miles/vehicle),2020.0
LDVs,9901.574004462
HDVs,8209.91079897
aircraft,1052072.942052853
rail,162447.441077441
ships,169.19804077
motorbikes,1683.25885921
