Annual Distance (miles/vehicle),2020.0
LDVs,9855.322339187
HDVs,14346.011206318
aircraft,954485.853222933
rail,211901.477272727
ships,180.099145987
motorbikes,1943.028415215
