Annual Distance (miles/vehicle),2020.0
LDVs,9824.82907442
HDVs,14387.487177652
aircraft,1202984.242845385
rail,162447.441077441
ships,179.701249841
motorbikes,1936.564743218
