Annual Distance (miles/vehicle),2020.0
LDVs,8894.484111883
HDVs,28764.268512236
aircraft,927706.754980912
rail,15912.203436936
ships,59936.272917835
motorbikes,0.0
