solar pv,Hour0,Hour1,Hour2,Hour3,Hour4,Hour5,Hour6,Hour7,Hour8,Hour9,Hour10,Hour11,Hour12,Hour13,Hour14,Hour15,Hour16,Hour17,Hour18,Hour19,Hour20,Hour21,Hour22,Hour23
Winter,0,0,0,0,0.0,0.0,0.009008189262966334,0.153271749020849,0.34747992245915266,0.39438224472840927,0.3939905843256717,0.3795347549155357,0.3947382996399888,0.3890829607943978,0.35270997349369,0.21591367646477044,0.034349408553230196,0.0,0.0,0,0,0,0,0
Spring,0,0,0,0,0.007173022906199312,0.10428947264311429,0.32852247102108634,0.5315331131067769,0.6365297503659453,0.6704316176761479,0.6647199034695573,0.658644716540729,0.6536550025715075,0.6599329429916525,0.620329251889069,0.5583559164457804,0.3929906634489852,0.13441814693199353,0.007056810539225383,0,0,0,0,0
Summer,0,0,0,0,0.018582724106554538,0.2082823465428341,0.47104996182527464,0.6119251566209615,0.6937654921401901,0.7192222814889186,0.7014056665934547,0.6867580768305563,0.6762469538661058,0.6723641136665516,0.6438951816175628,0.5886411889596603,0.4788365598820244,0.26974103939840816,0.0479851066277598,0,0,0,0,0
Fall,0,0,0,0,0.0,0.0144057936425066,0.19247378391682454,0.4191888303823148,0.4828308894822416,0.5099904533182176,0.518202091319978,0.5014991273736182,0.5018720446307372,0.5068579483584184,0.4895545876280971,0.39183907874520796,0.16919628872745718,0.015386566028729544,0.0,0,0,0,0,0
Summer Peak,0,0,0,0,0.0054595086442220195,0.08212010919017289,0.2829845313921747,0.4035486806187443,0.3712465878070973,0.6207916287534121,0.5589171974522292,0.48271155595996357,0.6924476797088261,0.6276160145586896,0.6239763421292084,0.4265241128298453,0.24590536851683345,0.04868061874431301,0.0054595086442220195,0,0,0,0,0
Winter Peak,0,0,0,0,0.0,0.0,0.0,0.054140127388535034,0.1992720655141037,0.26342129208371245,0.272975432211101,0.2677434030937216,0.2709281164695177,0.26706096451319383,0.17948134667879892,0.08052775250227479,0.0,0.0,0.0,0,0,0,0,0
