Unit: dimensionless (ratio of electricity demand in this hour to annual demand),Hour0,Hour1,Hour2,Hour3,Hour4,Hour5,Hour6,Hour7,Hour8,Hour9,Hour10,Hour11,Hour12,Hour13,Hour14,Hour15,Hour16,Hour17,Hour18,Hour19,Hour20,Hour21,Hour22,Hour23
Winter,0.004749139461574661,0.004749139461574661,0.004749139461574661,0.004749139461574661,0.004749139461574661,0.004749139461574661,0.030191363291563654,0.030639609429513943,0.018741227767719363,0.018741227767719363,0.018741227767719363,0.018741227767719363,0.018741227767719363,0.018741227767719363,0.018741227767719363,0.018741227767719363,0.018741227767719363,0.18248724416148654,0.3656723905377565,0.24067980607057815,0.07068103975249171,0.014655946510450832,0.004749139461574661,0.004749139461574661
Spring,0.0,0.0,0.0,0.0,0.0,0.0,0.0,0.0,0.0,0.0,0.0,0.0,0.0,0.0,0.0,0.0,0.0,0.0,0.044827080752310615,0.03277106052026274,0.008792235749338784,0.0,0.0,0.0
Summer,0.06367710133612028,0.06367710133612028,0.06367710133612028,0.06367710133612028,0.06367710133612028,0.06367710133612028,0.06367710133612028,0.06367710133612028,0.06367710133612028,0.06367710133612028,0.07343885129687606,0.13428881958901703,0.277369874927373,0.4357781358523286,0.6003143186631872,0.9194399125280761,0.95,0.95,0.95,0.95,0.669645686087266,0.33071535917083583,0.09275512680678703,0.06367710133612028
Fall,0.0,0.0,0.0,0.0,0.0,0.0,0.0,0.0,0.0,0.0,0.0,0.0,0.0,0.0,0.0,0.0,0.024210314336107742,0.09465351109736912,0.07516471034548157,0.0107489777342885,0.0,0.0,0.0,0.0
Summer Peak,0.07966298451673626,0.07966298451673626,0.07966298451673626,0.07966298451673626,0.07966298451673626,0.07966298451673626,0.07966298451673626,0.07966298451673626,0.07966298451673626,0.07966298451673626,0.07966298451673626,0.07966298451673626,0.13209076065168235,0.95,0.95,0.95,0.95,0.95,0.95,0.95,0.95,0.5760246572748622,0.0,0.0
Winter Peak,0.0,0.0,0.0,0.0,0.0,0.0,0.0,0.0,0.0,0.0,0.0,0.0,0.0,0.0,0.0,0.0,0.0,0.0,0.0,0.0,0.0,0.0,0.0,0.0
