Unit: dimensionless (ratio of electricity demand in this hour to annual demand),Hour0,Hour1,Hour2,Hour3,Hour4,Hour5,Hour6,Hour7,Hour8,Hour9,Hour10,Hour11,Hour12,Hour13,Hour14,Hour15,Hour16,Hour17,Hour18,Hour19,Hour20,Hour21,Hour22,Hour23
Winter,0,0,0,0,0.0,0.0,0.022555161793865755,0.16845863392819477,0.29651784584229834,0.3062238957094037,0.29720815930472955,0.2848447453908788,0.30238682867147626,0.41696989832510645,0.34982227988018394,0.17172509808884948,0.021208813230392778,0.0,0.0,0,0,0,0,0
Spring,0,0,0,0,0.0018647887168932932,0.014006207249495108,0.24897371273861862,0.35662794472906584,0.40251096448991047,0.43144511151587855,0.42528119720673785,0.425403636303605,0.42512230152484815,0.4841083682307688,0.4536210331108335,0.39272065176119697,0.2450205807740353,0.1332357489145568,0.004539188765318644,0,0,0,0,0
Summer,0,0,0,0,0.003931808301645914,0.019031713101808793,0.30684819753140774,0.3824460855257728,0.4232382527253017,0.43811941801533116,0.43294808582292826,0.42707100917330215,0.42982038597205635,0.46597293683243185,0.4394201614545215,0.37964443135981685,0.2899956252097973,0.17862213368698523,0.022719331069815045,0,0,0,0,0
Fall,0,0,0,0,0.0,0.0,0.17130535458263216,0.28994150979021127,0.32552322698309605,0.33224057548224856,0.3330072350252407,0.32673183099877384,0.3407194773021055,0.40303053566574876,0.3734617531294026,0.2729525833003084,0.09830670946404374,0.02468871962669179,0.0,0,0,0,0,0
Summer Peak,0,0,0,0,0.0032907226933299584,0.008416656119478547,0.22921149221617515,0.2518668522971776,0.21636501708644473,0.32964181749145677,0.4672193393241361,0.41817491456777617,0.4581065687887609,0.45430958106568786,0.45633464118466016,0.3783065434755094,0.2184533603341349,0.011517529426654852,0.0015820782179470953,0,0,0,0,0
Winter Peak,0,0,0,0,0.0,0.0,0.0,0.1527654727249715,0.3472345272750285,0.25465130996076446,0.21168206556132135,0.214593089482344,0.16333375522085813,0.18358435641058093,0.2442728768510315,0.06448550816352361,0.0,0.0,0.0,0,0,0,0,0
