solar pv,Hour0,Hour1,Hour2,Hour3,Hour4,Hour5,Hour6,Hour7,Hour8,Hour9,Hour10,Hour11,Hour12,Hour13,Hour14,Hour15,Hour16,Hour17,Hour18,Hour19,Hour20,Hour21,Hour22,Hour23
Winter,0,0,0,0,0.0,0.0,0.007047773688640732,0.11991584195527603,0.27185928085530836,0.3085544415780489,0.30824801663506457,0.29693815055764083,0.30883300970803457,0.30440841924342665,0.27595113716465536,0.16892526162411112,0.026874086540018938,0.0,0.0,0,0,0,0,0
Spring,0,0,0,0,0.005611987118672256,0.08159337907320179,0.2570274624344671,0.4158577245480372,0.49800437087940524,0.5245283127560391,0.5200596156708505,0.515306546952968,0.5114027241313611,0.5163144219232636,0.4853295209650513,0.43684319034030056,0.307465704470021,0.10516527257234742,0.005521065576246335,0,0,0,0,0
Summer,0,0,0,0,0.014538641473693733,0.1629547069806523,0.36853727536961045,0.47875437475327043,0.5427841310676949,0.562700862935977,0.548761605443118,0.5373017110382169,0.529078080994,0.5260402475075171,0.5037668932982058,0.4605376022299495,0.3746293077755005,0.2110383945899349,0.03754230312723054,0,0,0,0,0
Fall,0,0,0,0,0.0,0.01127071939030433,0.15058649751275627,0.3279624709358865,0.37775436767803855,0.399003306150621,0.40542787878780734,0.3923599129195253,0.39265167371140475,0.39655251549883364,0.38301481475562565,0.3065647344594453,0.13237478888363913,0.012038050272947364,0.0,0,0,0,0,0
Summer Peak,0,0,0,0,0.004271377993115594,0.0642486439797804,0.221399759309825,0.31572602332446104,0.2904537035318604,0.4856912726338523,0.43728232204520895,0.3776610042246371,0.5417531087934946,0.4910304951252468,0.4881829097965032,0.33370140571215584,0.1923899837732482,0.03808645377194738,0.004271377993115594,0,0,0,0,0
Winter Peak,0,0,0,0,0.0,0.0,0.0,0.042357831765062984,0.15590529674871917,0.20609398816782742,0.21356889965577971,0.20947549574571062,0.21196713290836136,0.2089415734965712,0.1404215515236752,0.06300282539845502,0.0,0.0,0.0,0,0,0,0,0
