solar pv,Hour0,Hour1,Hour2,Hour3,Hour4,Hour5,Hour6,Hour7,Hour8,Hour9,Hour10,Hour11,Hour12,Hour13,Hour14,Hour15,Hour16,Hour17,Hour18,Hour19,Hour20,Hour21,Hour22,Hour23
Winter,0,0,0,0,0.0,0.0,0.006842366771214948,0.116420902342466,0.2639359593468322,0.2995616419362651,0.29926414772882104,0.28828390698133755,0.29983209121575966,0.295536455159786,0.26790855876340935,0.16400194558156025,0.026090842991248902,0.0,0.0,0,0,0,0,0
Spring,0,0,0,0,0.005448426109819543,0.07921534521198507,0.24953641333373788,0.40373757752561096,0.48349006505659237,0.5092409683284762,0.504902511136583,0.5002879703052054,0.49649792415228694,0.5012664708233769,0.4711846228395852,0.4241114232475419,0.2985046360022401,0.10210023736922436,0.005360154469984481,0,0,0,0,0
Summer,0,0,0,0,0.014114913689488157,0.1582054023747359,0.357796279839039,0.46480110884737497,0.5269647219726008,0.5463009819530223,0.53276798323624,0.5216420867273737,0.5136581338595331,0.5107088378374579,0.48908463912475975,0.4471152630045592,0.3637107603466085,0.20488769395647496,0.036448135082240984,0,0,0,0,0
Fall,0,0,0,0,0.0,0.010942234988078878,0.14619766358781133,0.3184040255086644,0.3667447405763719,0.38737438008405456,0.39361170895895753,0.3809246081275815,0.3812078655696752,0.38499501757046783,0.371851872257321,0.29762992470551386,0.1285167340523238,0.011687202060785258,0.0,0,0,0,0,0
Summer Peak,0,0,0,0,0.004146888952251482,0.06237612132344939,0.21494707735836854,0.30652420838725547,0.2819884487531008,0.47153583127892895,0.4245377564867455,0.3666540981949019,0.5259637487772297,0.47671944246924336,0.47395484983440905,0.3239756993946471,0.18678278989099384,0.036976426490909056,0.004146888952251482,0,0,0,0,0
Winter Peak,0,0,0,0,0.0,0.0,0.0,0.041123315443160544,0.1513614467571791,0.20008739194613404,0.20734444761257415,0.20337034569999982,0.2057893642554798,0.2028519845809684,0.1363289743052675,0.06116661204570937,0.0,0.0,0.0,0,0,0,0,0
