pumped hydro,Hour0,Hour1,Hour2,Hour3,Hour4,Hour5,Hour6,Hour7,Hour8,Hour9,Hour10,Hour11,Hour12,Hour13,Hour14,Hour15,Hour16,Hour17,Hour18,Hour19,Hour20,Hour21,Hour22,Hour23
Winter,0,0,0,0,0,0,0.009990988125530112,8.746819338422393e-05,0,0,0.0005332909245122985,0.0005534351145038168,0.0,0.0,0.0,0.0,0.010582591178965225,0.1911312553011025,0.14428541136556403,0.18219041560644617,0.13474236641221374,0.0354002332485157,0.0019036259541984734,0
Spring,0,0,0,0,0,0,0.0,0.0,0,0,0.0,0.0,0.0,0.0,0.0,0.008973614337869232,0.059887708817347056,0.20124391525611235,0.223794114393185,0.20357409558579487,0.3546499889368295,0.15276233543533574,0.004531059851753512,0
Summer,0,0,0,0,0,0,0.0,0.0,0,0,0.0,0.029571855293727183,0.16788914702953864,0.2740333554596748,0.3539440203562343,0.5118071689346172,0.6145107312755844,0.7093739628277472,0.6183164619980093,0.6457752516871343,0.6299507688903645,0.38791625179776534,0.008980528819559686,0
Fall,0,0,0,0,0,0,0.0,0.0,0,0,0.0,0.0,0.013533975722688024,0.025715388144996448,0.03679347599382639,0.051035539982480296,0.22867496767196427,0.3127612313853084,0.19136528594669003,0.353605097401243,0.303788637216869,0.025165811537980226,0.0,0
Summer Peak,0,0,0,0,0,0,0.0,0.0,0,0,0.0,0.0,0.0,0.18829516539440203,0.8067430025445292,0.8255725190839694,0.8255725190839694,0.8255725190839694,0.8255725190839694,0.8255725190839694,0.6340966921119593,0.6559796437659033,0.0,0
Winter Peak,0,0,0,0,0,0,0.0,0.0,0,0,0.0,0.0,0.0,0.0,0.0,0.0,0.0,0.0,0.01049618320610687,0.0,0.0,0.0,0.0,0
