offshore wind,Hour0,Hour1,Hour2,Hour3,Hour4,Hour5,Hour6,Hour7,Hour8,Hour9,Hour10,Hour11,Hour12,Hour13,Hour14,Hour15,Hour16,Hour17,Hour18,Hour19,Hour20,Hour21,Hour22,Hour23
Winter,0.0,0.0,0.0,0.0,0.0,0.0,0.0,0.0,0.0,0.0,0.0,0.0,0.0,0.0,0.0,0.0,0.0,0.0,0.0,0.0,0.0,0.0,0.0,0.0
Spring,0.0,0.0,0.0,0.0,0.0,0.0,0.0,0.0,0.0,0.0,0.0,0.0,0.0,0.0,0.0,0.004761904761904762,0.0,0.0,0.0,0.0,0.0,0.0,0.0,0.0
Summer,0.0,0.0,0.0,0.0,0.0,0.0,0.0,0.0,0.0,0.0,0.0,0.0,0.0,0.0,0.0,0.0,0.0,0.0,0.0,0.0,0.0,0.0,0.0,0.0
Fall,0.0,0.0,0.0,0.0,0.0,0.0,0.0,0.0,0.0,0.0,0.0,0.0,0.0,0.0,0.0,0.0,0.0,0.0,0.0,0.0,0.0,0.0,0.004761904761904762,0.004761904761904762
Summer Peak,0.21904761904761902,0.24285714285714283,0.20952380952380953,0.2,0.13333333333333333,0.09523809523809523,0.0761904761904762,0.06666666666666667,0.047619047619047616,0.02857142857142857,0.004761904761904762,0.009523809523809525,0.009523809523809525,0.01904761904761905,0.014285714285714285,0.004761904761904762,0.0,0.0,0.004761904761904762,0.009523809523809525,0.0,0.0,0.004761904761904762,0.009523809523809525
Winter Peak,0.3666666666666667,0.5714285714285714,0.7095238095238096,0.7952380952380952,0.8095238095238095,0.8571428571428571,0.8809523809523809,0.8666666666666666,0.7857142857142857,0.5714285714285714,0.3523809523809524,0.19047619047619047,0.1,0.047619047619047616,0.01904761904761905,0.014285714285714285,0.023809523809523808,0.0380952380952381,0.06666666666666667,0.10476190476190476,0.06190476190476191,0.05238095238095238,0.1,0.19047619047619047
