solar pv,Hour0,Hour1,Hour2,Hour3,Hour4,Hour5,Hour6,Hour7,Hour8,Hour9,Hour10,Hour11,Hour12,Hour13,Hour14,Hour15,Hour16,Hour17,Hour18,Hour19,Hour20,Hour21,Hour22,Hour23
Winter,0,0,0,0,0.0,0.0,0.00666441320284073,0.11339307356655995,0.2570716173203814,0.29177076124935736,0.29148100415358175,0.28078633316404267,0.2920341767909715,0.28785025993833163,0.26094089894275974,0.15973664785456182,0.025412282667397722,0.0,0.0,0,0,0,0,0
Spring,0,0,0,0,0.005306725598770575,0.07715514384865402,0.24304656900401667,0.3932373303144128,0.4709156466971062,0.49599683066289135,0.4917712063494963,0.4872766786707032,0.4835852025389142,0.48822973073446013,0.4589302395536574,0.41308130111602004,0.29074124550754826,0.09944485478316607,0.005220749692827032,0,0,0,0,0
Summer,0,0,0,0,0.013747818597639917,0.15409085885054183,0.34849085572523175,0.4527127454682519,0.5132596319331639,0.5320930021127926,0.5189119642734346,0.5080754256799381,0.5002991163000995,0.49742652440232354,0.4763647192959352,0.43548686610818677,0.35425151476333117,0.1995590558587769,0.03550020640268577,0,0,0,0,0
Fall,0,0,0,0,0.0,0.010657653668891265,0.14239541258412758,0.3101230995632227,0.35720658843542,0.37729970043918254,0.38337481133198587,0.3710176716004393,0.3712935621950262,0.374982219444653,0.3621808958558216,0.2898892833562207,0.1251743216700144,0.011383245932654764,0.0,0,0,0,0,0
Summer Peak,0,0,0,0,0.004039038304751957,0.06075386783397736,0.2093568187963098,0.29855224802624886,0.2746546047231331,0.45927231390283707,0.4134965464489816,0.3571183034451522,0.5122846916527065,0.46432111178377705,0.46162841958060913,0.3155498675587467,0.18192501697653607,0.03601475821737162,0.004039038304751957,0,0,0,0,0
Winter Peak,0,0,0,0,0.0,0.0,0.0,0.040053796522123576,0.14742489812344642,0.19488359820428194,0.20195191523759787,0.19808117019554392,0.20043727587331586,0.19757629040744992,0.1327833842687206,0.05957581499509137,0.0,0.0,0.0,0,0,0,0,0
