solar pv dist,Hour0,Hour1,Hour2,Hour3,Hour4,Hour5,Hour6,Hour7,Hour8,Hour9,Hour10,Hour11,Hour12,Hour13,Hour14,Hour15,Hour16,Hour17,Hour18,Hour19,Hour20,Hour21,Hour22,Hour23
Winter,0,0,0,0,0.0,0.0,0.0235358210022947,0.16849655794808585,0.29328483461091864,0.3051578501345453,0.2962822537598434,0.28389141715688165,0.30255388695982355,0.41680194581863605,0.3496579959608855,0.1741766314665727,0.022116628054786678,0.0,0.0,0,0,0,0,0
Spring,0,0,0,0,0.0018647887168932932,0.014006207249495108,0.24897371273861862,0.35662794472906584,0.40251096448991047,0.43144511151587855,0.42528119720673785,0.425403636303605,0.42512230152484815,0.4841083682307688,0.4536210331108335,0.39272065176119697,0.2450205807740353,0.1332357489145568,0.004539188765318644,0,0,0,0,0
Summer,0,0,0,0,0.0038639078132114836,0.01877399485297219,0.3045758793809018,0.3801839429608067,0.4227298450508957,0.43651101926571195,0.4295840625440981,0.4240893412299039,0.42602056774422564,0.4626083996351401,0.4352628141061732,0.3747095886305675,0.2869126125457711,0.1767032254028663,0.022171644212066854,0,0,0,0,0
Fall,0,0,0,0,0.0,0.0,0.17130535458263216,0.28994150979021127,0.32552322698309605,0.33224057548224856,0.3330072350252407,0.32673183099877384,0.3407194773021055,0.40303053566574876,0.3734617531294026,0.2729525833003084,0.09830670946404374,0.02468871962669179,0.0,0,0,0,0,0
Summer Peak,0,0,0,0,0.005113276800405012,0.02351601063156563,0.34638653335020875,0.42180736615618275,0.43208454625996706,0.4661055562587015,0.49148209087457284,0.4789520313884318,0.49593722313631183,0.5245158840653081,0.5117580053157829,0.46551069484875335,0.34364004556385264,0.21201113783065437,0.03224908239463359,0,0,0,0,0
Winter Peak,0,0,0,0,0.0,0.0,0.0,0.1675863814706999,0.3708771041640299,0.330742943931148,0.31850398683710923,0.30677129477281356,0.2985444880394887,0.42083280597392736,0.3536008100240476,0.11533983040121502,0.0003290722693329958,0.0,0.0,0,0,0,0,0
