natural gas steam turbine,Hour0,Hour1,Hour2,Hour3,Hour4,Hour5,Hour6,Hour7,Hour8,Hour9,Hour10,Hour11,Hour12,Hour13,Hour14,Hour15,Hour16,Hour17,Hour18,Hour19,Hour20,Hour21,Hour22,Hour23
Winter,0,0,0,0,0,0,0,0,0,0,0,0.0,0.0,0.0,0.0,0.0,0.0,0.08164843374547623,0.22567233007328075,0.12796878841293527,0.0,0.0,0,0
Spring,0,0,0,0,0,0,0,0,0,0,0,0.0,0.0,0.0,0.0,0.0,0.0,0.0,0.0037914228563168044,0.000758284571263361,0.0,0.0,0,0
Summer,0,0,0,0,0,0,0,0,0,0,0,0.0790921411828617,0.14447119968703157,0.2927135724738749,0.5273070671185172,0.7301696520520339,0.95,0.95,0.95,0.95,0.7344954980937844,0.16764386764726552,0,0
Fall,0,0,0,0,0,0,0,0,0,0,0,0.0,0.0,0.0,0.0,0.0,0.0,0.12354776411092089,0.09496100591306757,0.0,0.0,0.0,0,0
Summer Peak,0,0,0,0,0,0,0,0,0,0,0,0.0,0.0,0.0,0.95,0.95,0.95,0.95,0.95,0.95,0.95,0.0,0,0
Winter Peak,0,0,0,0,0,0,0,0,0,0,0,0.0,0.0,0.0,0.0,0.0,0.0,0.0,0.0,0.0,0.0,0.0,0,0
