natural gas peaker,Hour0,Hour1,Hour2,Hour3,Hour4,Hour5,Hour6,Hour7,Hour8,Hour9,Hour10,Hour11,Hour12,Hour13,Hour14,Hour15,Hour16,Hour17,Hour18,Hour19,Hour20,Hour21,Hour22,Hour23
Winter,0.004262902181497593,0.004262902181497593,0.004262902181497593,0.004262902181497593,0.004262902181497593,0.004262902181497593,0.020710599765109135,0.021634228571100277,0.009218525967488544,0.009218525967488544,0.009218525967488544,0.009218525967488544,0.009218525967488544,0.009218525967488544,0.009218525967488544,0.009218525967488544,0.009218525967488544,0.1661762160112401,0.34609437086033584,0.22277216316809495,0.06226797533723637,0.00495562378599095,0.004262902181497593,0.004262902181497593
Spring,0.0,0.0,0.0,0.0,0.0,0.0,0.0,0.0,0.0,0.0,0.0,0.0,0.0,0.0,0.0,0.0,0.0,0.0,0.044827080752310615,0.03277106052026274,0.008792235749338784,0.0,0.0,0.0
Summer,0.045642452667413874,0.045642452667413874,0.045642452667413874,0.045642452667413874,0.045642452667413874,0.045642452667413874,0.045642452667413874,0.045642452667413874,0.045642452667413874,0.045642452667413874,0.05474433408925926,0.08388131133219169,0.1764340625744476,0.2630858520006491,0.43113021820001657,0.7238774034670403,0.95,0.95,0.95,0.95,0.4980051767121996,0.24722995194849184,0.0357109930592266,0.0357109930592266
Fall,0.0,0.0,0.0,0.0,0.0,0.0,0.0,0.0,0.0,0.0,0.0,0.0,0.0,0.0,0.0,0.0,0.024210314336107742,0.09465351109736912,0.07516471034548157,0.0107489777342885,0.0,0.0,0.0,0.0
Summer Peak,0.07966298451673626,0.07966298451673626,0.07966298451673626,0.07966298451673626,0.07966298451673626,0.07966298451673626,0.07966298451673626,0.07966298451673626,0.07966298451673626,0.07966298451673626,0.07966298451673626,0.07966298451673626,0.13209076065168235,0.95,0.95,0.95,0.95,0.95,0.95,0.95,0.95,0.5760246572748622,0.0,0.0
Winter Peak,0.0,0.0,0.0,0.0,0.0,0.0,0.0,0.0,0.0,0.0,0.0,0.0,0.0,0.0,0.0,0.0,0.0,0.0,0.0,0.0,0.0,0.0,0.0,0.0
